Team,Season,PointsScored,PointsAllowed,PercentageCompleted,PassingYards,PassingTDs,PasserRating,SacksTaken,SackYardsLost,RushingAttempts,RushingYards,RushingTDs,OffensivePlays,TotalYards,YardsPerPlay,FieldGoalAttempts,FieldGoalsMade,ExtraPointAttempts,ExtraPointsMade,TimesPunted,PuntYards,FirstDowns,ThirdDownConversions,ThirdDownAttempts,FourthDownConversions,FourthDownAttempts,PenaltiesCommitted,PenaltyYards,FumblesLost,InterceptionsThrown,TurnoversLost,Win,MarginOfVictory,StrengthOfSchedule,TeamRating,OffenseRating,DefenseRating,MadePlayoffs,PlayoffWin
Jacksonville Jaguars,2020,306,492,63.72,3699,25,84.05,44,256,337,1519,9,997,5218,5.2,25,18,28,24,65,3051,310,84,207,7,26,107,1071,9,16,25,1,-11.6,-0.1,-11.7,-6.5,-5.3,0,0
Miami Dolphins,2019,306,494,60.41,3804,22,77.21,58,313,349,1156,10,1022,4960,4.81,30,23,30,29,69,3105,315,71,207,13,28,92,769,8,18,26,5,-11.8,0.8,-11.6,-2.4,-9.1,0,0
Arizona Cardinals,2018,225,425,56.69,2523,15,66.64,52,361,355,1342,9,902,3865,4.29,17,12,24,23,94,4568,239,58,199,6,16,101,786,10,18,28,3,-12.5,1,-11.5,-9.6,-1.9,0,0
New York Jets,2020,243,457,58.84,2796,16,73.89,43,319,406,1683,9,948,4479,4.77,28,21,24,20,82,3598,269,70,206,7,18,101,952,5,14,19,2,-13.4,1.9,-11.5,-8.7,-2.8,0,0
Jacksonville Jaguars,2021,253,457,60.27,3436,12,71.71,32,238,392,1755,13,1028,5191,5.01,27,21,22,18,72,3337,304,76,212,18,31,104,856,12,17,29,3,-12,0.6,-11.4,-7.7,-3.7,0,0
Washington Commanders,2023,329,518,63.12,3725,24,76.9,65,449,359,1592,14,1060,5317,4.96,24,19,35,32,75,3361,321,77,216,16,29,87,701,11,21,32,4,-11.1,0,-11.1,-2.8,-8.4,0,0
Washington Commanders,2019,266,435,62.31,2812,18,78.79,50,393,356,1583,9,885,4395,4.94,30,25,22,21,79,3919,248,52,179,6,14,106,835,8,13,21,3,-10.6,-0.2,-10.8,-6.3,-4.5,0,0
New York Jets,2021,310,504,58.08,3541,20,72.28,53,418,380,1667,14,1036,5208,4.91,27,21,27,23,71,3274,310,77,212,14,29,103,860,7,20,27,4,-11.4,1,-10.4,-3.6,-6.7,0,0
Carolina Panthers,2023,236,416,60.21,2741,13,71.68,65,504,445,1769,7,1096,4510,4.09,30,25,20,17,82,3838,297,85,249,23,48,103,845,10,10,20,2,-10.6,0.7,-9.9,-7.9,-2,0,0
Houston Texans,2021,280,452,64.39,3305,21,84.18,44,325,420,1422,8,1010,4727,4.59,27,21,29,25,88,4108,266,95,239,9,21,114,978,7,15,22,4,-10.1,0.4,-9.7,-6.3,-3.4,0,0
Las Vegas Raiders,2018,290,467,69.34,3751,19,91.35,52,306,387,1628,9,995,5379,5.38,32,27,28,27,70,3022,300,73,197,7,16,110,965,14,10,24,4,-11.1,1.8,-9.3,-5.2,-4.1,0,0
Miami Dolphins,2018,319,433,64.78,2900,26,90.8,52,409,371,1738,7,878,4638,5.34,20,18,36,35,88,3884,252,56,186,8,13,108,978,10,13,23,7,-7.1,-1.7,-8.8,-3.6,-5.2,0,0
Indianapolis Colts,2022,289,427,65.47,3432,17,75.16,60,422,439,1866,8,1103,5298,4.77,39,32,23,23,71,3133,310,75,228,12,26,89,794,14,20,34,4,-8.1,-0.5,-8.6,-4.9,-3.7,0,0
Houston Texans,2022,289,420,60.98,3344,20,74.75,38,298,398,1476,7,1015,4820,4.73,31,29,24,24,88,4229,277,67,221,13,26,88,644,9,19,28,3,-7.7,-0.8,-8.5,-5.4,-3.1,0,0
New York Giants,2021,258,416,59.02,3196,15,69.09,38,267,419,1688,8,1050,4884,4.67,33,29,17,17,74,3283,299,84,230,13,30,88,674,10,20,30,4,-9.3,1,-8.3,-7.7,-0.6,0,0
Atlanta Falcons,2021,313,459,65.29,3713,20,84.36,40,274,393,1451,11,1006,5164,5.1,29,27,30,30,66,2998,306,82,211,10,24,92,753,11,15,26,7,-8.6,0.1,-8.2,-4.2,-4.3,0,0
New York Giants,2019,341,451,61.82,3731,30,83.47,43,339,362,1685,11,1012,5416,5.31,17,12,39,35,71,3178,311,79,212,14,31,90,784,16,17,33,4,-6.9,-1,-7.9,-1.8,-6.1,0,0
New England Patriots,2023,236,366,62.71,3069,16,71.06,48,323,415,1627,9,1020,4696,4.6,25,16,25,24,98,4598,261,67,222,9,25,89,676,8,21,29,4,-7.6,-0.2,-7.9,-8.5,0.6,0,0
New York Giants,2023,266,407,64.68,2886,15,80.48,85,465,454,1874,10,1057,4760,4.51,31,22,25,24,95,4371,267,75,248,18,37,89,711,7,12,19,6,-8.3,0.4,-7.9,-6.9,-1,0,0
New York Jets,2018,333,441,57.57,3165,18,73.33,37,239,410,1622,11,971,4787,4.92,36,33,33,30,82,3763,258,69,214,11,22,114,948,11,19,30,4,-6.8,-1.1,-7.8,-2,-5.9,0,0
Detroit Lions,2021,325,467,67.28,3598,23,85.99,36,286,427,1886,12,1056,5484,5.2,30,26,28,27,65,3198,329,74,213,21,41,105,824,9,14,23,3,-8.4,0.6,-7.8,-3.5,-4.3,0,0
Detroit Lions,2020,377,519,64.22,4104,27,91.58,42,293,367,1499,17,991,5603,5.63,28,21,41,38,59,2897,350,79,192,10,20,95,860,8,13,21,5,-8.9,1.2,-7.7,-1,-6.7,0,0
Cincinnati Bengals,2020,311,424,62.53,3448,19,79.99,48,345,411,1668,13,1040,5116,4.85,34,27,33,32,71,3350,318,77,213,19,27,83,675,13,11,24,4,-7.1,-0.4,-7.5,-5.4,-2.1,0,0
Cincinnati Bengals,2019,279,420,56.95,3652,18,72.29,48,342,385,1517,9,1049,5169,4.9,31,27,25,24,75,3394,312,80,222,13,26,93,761,14,16,30,2,-8.8,1.5,-7.3,-4.4,-2.9,0,0
Carolina Panthers,2019,340,470,60.82,3650,17,74.32,58,484,386,1819,20,1077,5469,5.11,32,25,35,31,75,3452,335,66,207,12,24,87,754,14,21,35,5,-8.1,1.1,-7,-1.9,-5.1,0,0
Buffalo Bills,2018,269,374,54.18,2794,13,64.01,41,288,468,1984,15,1008,4778,4.75,28,22,26,25,82,3513,283,68,215,7,18,116,992,9,23,32,6,-6.6,-0.3,-6.9,-6.3,-0.6,0,0
Las Vegas Raiders,2019,313,419,70.81,3926,22,99.36,29,184,437,1893,13,989,5819,5.88,26,19,36,34,67,3081,315,88,201,11,19,128,1138,9,8,17,7,-6.6,-0.3,-6.9,-2.5,-4.4,0,0
Jacksonville Jaguars,2019,300,397,61.41,3760,24,88.76,42,263,389,1708,3,1020,5468,5.36,34,33,20,19,75,3507,298,76,220,12,25,132,1165,12,8,20,6,-6.1,-0.6,-6.7,-4.6,-2.1,0,0
Chicago Bears,2022,326,463,58.86,2219,19,75.02,58,379,558,3014,18,993,5233,5.29,27,25,32,27,67,3038,278,90,220,8,25,80,754,10,15,25,3,-8.1,1.6,-6.4,-2.5,-4,0,0
New York Jets,2019,276,359,61.84,3111,19,78.42,52,332,383,1257,6,956,4368,4.53,28,19,27,23,87,3991,253,65,212,7,19,115,1105,9,16,25,7,-5.2,-1.1,-6.3,-5.7,-0.6,0,0
Arizona Cardinals,2022,340,449,65.58,3626,17,78.02,46,340,434,1873,15,1144,5499,4.81,32,28,27,24,68,3157,326,82,233,18,41,118,916,8,17,25,4,-6.4,0.2,-6.2,-1.9,-4.3,0,0
Denver Broncos,2020,323,446,55.25,3451,21,69.31,32,222,442,1918,13,1030,5369,5.16,35,28,30,25,66,3040,308,82,212,4,15,81,670,9,23,32,5,-7.7,1.7,-6,-4.3,-1.7,0,0
New York Jets,2023,268,355,58.44,2919,11,66.56,64,454,388,1647,7,1053,4566,4.32,39,36,17,16,99,4831,260,61,235,17,29,124,945,18,15,33,7,-5.1,-0.6,-5.8,-6.7,0.9,0,0
San Francisco 49ers,2018,342,435,62.48,3867,26,87.18,48,380,423,1902,7,1003,5769,5.8,34,33,29,27,69,2973,344,73,193,5,10,112,982,12,20,32,4,-5.8,0.3,-5.5,-2.5,-3.1,0,0
Houston Texans,2020,384,464,69.77,4538,33,109.31,50,305,344,1466,10,940,6004,6.42,31,27,40,37,55,2531,326,83,193,9,16,80,619,11,7,18,4,-5,-0.5,-5.5,-1.4,-4.1,0,0
Carolina Panthers,2021,304,404,58.46,3239,14,66.53,52,334,455,1842,17,1106,5081,4.59,29,26,28,26,75,3184,322,84,235,14,34,107,864,8,21,29,5,-5.9,0.4,-5.5,-5,-0.5,0,0
Arizona Cardinals,2023,330,455,64.29,3144,18,80.9,42,286,471,2365,17,1068,5509,5.11,33,28,23,22,64,3172,330,88,225,15,34,101,859,6,12,18,4,-7.4,1.9,-5.4,-1.8,-3.7,0,0
Detroit Lions,2019,341,423,59.99,3900,28,86.01,43,287,407,1649,7,1021,5549,5.42,31,26,36,35,76,3445,313,90,220,5,13,113,937,8,15,23,3,-5.1,-0.1,-5.2,-1.2,-4,0,0
Chicago Bears,2021,311,407,60.37,3207,16,72.47,58,428,475,2018,14,1075,5225,4.82,30,26,28,27,62,2865,333,75,216,15,36,106,919,9,20,29,6,-5.6,0.5,-5.2,-4.9,-0.3,0,0
Dallas Cowboys,2020,395,473,64.42,4161,25,87.87,44,350,430,1788,14,1113,5949,5.32,41,34,36,33,50,2250,371,87,215,17,31,96,849,13,13,26,6,-4.9,-0.2,-5.1,1,-6.1,0,0
Denver Broncos,2022,287,359,61.21,3592,18,80.98,63,415,444,1935,11,1078,5527,5.17,36,28,27,25,96,4470,300,67,230,12,24,113,970,9,15,24,5,-4.2,-0.7,-5,-5.6,0.6,0,0
Atlanta Falcons,2023,321,373,62.14,3524,17,79.71,40,251,522,2159,14,1092,5683,5.17,37,32,28,27,75,3523,326,90,225,8,19,84,743,11,17,28,7,-3.1,-1.9,-5,-3.6,-1.4,0,0
Washington Commanders,2018,281,359,60.88,3021,16,76.97,44,266,414,1774,12,967,4795,4.94,29,26,26,25,79,3581,280,75,206,10,18,115,1008,4,15,19,7,-4.9,-0.1,-4.9,-5.6,0.6,0,0
New York Giants,2020,280,357,62.19,3026,12,77.32,50,310,399,1768,13,966,4794,4.96,32,31,23,21,66,2911,297,72,198,14,22,81,634,11,11,22,6,-4.8,0.4,-4.4,-6.7,2.3,0,0
Philadelphia Eagles,2020,334,418,55.5,3327,22,69.47,65,401,403,2027,16,1066,5354,5.01,19,14,26,24,74,3395,336,82,220,15,35,107,853,9,20,29,4,-5.3,0.8,-4.4,-2.8,-1.6,0,0
Washington Commanders,2021,335,434,64.49,3441,21,84.59,43,305,477,2061,13,1070,5502,5.15,33,28,29,25,63,2985,345,87,224,16,32,82,743,9,15,24,7,-5.8,1.6,-4.2,-2.7,-1.5,0,0
Jacksonville Jaguars,2018,245,316,61.19,3109,15,74.11,53,322,416,1723,7,1005,4832,4.68,26,23,23,22,86,3872,277,93,230,8,17,121,1112,16,13,29,5,-4.4,0.4,-4,-8.1,4,0,0
Los Angeles Rams,2022,307,384,64.37,3108,16,78.19,59,398,411,1661,15,1001,4769,4.79,30,28,32,31,72,3434,293,83,211,15,19,76,655,8,15,23,5,-4.5,0.5,-4,-4.1,0,0,0
Denver Broncos,2023,357,413,65.44,3262,28,93.28,52,304,451,1810,8,1016,5072,5.03,34,30,31,29,79,3659,301,81,220,13,20,99,749,13,9,22,8,-3.3,-0.5,-3.8,-0.8,-3,0,0
Tennessee Titans,2022,298,359,62.14,2914,16,78.28,49,313,487,2131,16,992,5045,5.08,24,20,33,32,90,4779,277,80,219,9,17,111,956,12,11,23,7,-3.6,0,-3.6,-4.7,1.1,0,0
Cincinnati Bengals,2018,368,455,61.24,3290,27,85.05,37,279,359,1682,13,938,4972,5.31,23,19,41,39,72,3119,304,69,187,9,17,114,957,4,13,17,6,-5.4,2,-3.4,0,-3.4,0,0
Las Vegas Raiders,2021,374,439,68.98,4567,23,92.58,40,241,414,1617,14,1082,6184,5.71,43,40,33,30,64,3202,349,77,206,12,19,124,1104,10,14,24,10,-3.8,0.6,-3.3,-0.7,-2.6,1,0
Arizona Cardinals,2019,361,442,64.72,3477,20,85.54,50,320,396,1990,18,1000,5467,5.49,35,31,35,34,70,3288,314,71,197,13,20,121,956,6,12,18,5,-5.1,1.8,-3.2,-0.3,-2.9,0,0
Tennessee Titans,2023,305,367,62.75,3067,14,81.62,64,445,444,1846,16,1002,4913,4.88,30,29,30,28,80,4008,298,71,212,11,20,110,882,9,11,20,6,-3.6,0.4,-3.2,-4,0.7,0,0
Detroit Lions,2018,324,360,66.24,3576,22,89.71,41,268,404,1660,11,1019,5236,5.19,32,28,30,30,74,3310,325,75,208,11,18,94,852,7,12,19,6,-2.3,-0.8,-3,-3.3,0.3,0,0
Los Angeles Chargers,2020,384,426,66.14,4329,31,97.99,34,219,466,1784,12,1127,6113,5.44,33,24,39,36,60,2669,373,99,224,12,25,85,710,6,10,16,7,-2.6,-0.3,-2.9,-1,-2,0,0
Green Bay Packers,2018,376,400,61.46,4238,25,91.96,53,391,333,1667,14,1026,5905,5.76,37,30,36,34,72,3176,332,75,204,10,20,108,937,11,4,15,6,-1.5,-1.2,-2.7,0,-2.7,0,0
Miami Dolphins,2021,341,373,65.98,3651,21,83.87,40,285,442,1568,12,1097,5219,4.77,31,23,35,34,78,3489,325,95,233,12,22,105,825,12,14,26,9,-1.9,-0.8,-2.7,-3.1,0.3,0,0
Tampa Bay Buccaneers,2018,396,464,65.51,5125,36,93.94,41,233,389,1523,11,1055,6648,6.32,27,20,44,40,58,2567,388,86,187,9,13,117,975,9,26,35,5,-4.3,1.7,-2.6,2,-4.6,0,0
Cleveland Browns,2020,408,419,63.34,3539,27,95.22,26,162,495,2374,21,1022,5913,5.79,24,19,48,43,51,2244,355,88,196,8,24,100,870,8,8,16,11,-0.7,-1.9,-2.6,0.3,-2.8,1,1
Pittsburgh Steelers,2021,343,398,64.06,3778,23,86.2,38,239,411,1583,10,1113,5361,4.84,40,36,29,27,77,3347,323,93,239,10,21,106,831,9,11,20,9,-3.2,0.8,-2.5,-2.6,0.1,1,0
Las Vegas Raiders,2022,395,418,61.26,3934,28,84.18,35,248,428,2059,12,1049,5993,5.68,37,34,36,35,59,2884,343,83,208,13,24,113,932,4,17,21,6,-1.4,-1.1,-2.5,1.2,-3.7,0,0
Minnesota Vikings,2020,430,475,67.66,4009,35,104.44,39,256,468,2283,20,1023,6292,6.25,22,15,43,37,56,2435,383,74,181,13,23,82,650,10,13,23,7,-2.8,0.4,-2.4,1.3,-3.8,0,0
Tampa Bay Buccaneers,2022,313,358,66.42,4586,26,89.24,22,160,386,1308,5,1159,5894,5.09,38,31,25,24,79,3859,346,92,246,15,27,99,793,12,10,22,8,-2.6,0.4,-2.3,-3.3,1.1,1,0
New York Giants,2018,369,412,66.71,4047,23,93.11,47,358,354,1650,13,984,5697,5.84,33,32,32,31,71,3226,297,76,206,12,20,114,951,7,12,19,5,-2.7,0.5,-2.2,0.8,-2.9,0,0
Carolina Panthers,2022,347,374,58.07,2996,16,78.58,36,250,483,2210,16,976,5206,5.28,35,33,32,30,81,3925,281,64,202,12,21,104,862,8,13,21,7,-1.6,-0.6,-2.2,-1.3,-0.9,0,0
Los Angeles Chargers,2023,346,398,64.13,3957,24,87.76,43,355,431,1642,11,1106,5599,5.05,33,31,35,35,75,3475,319,91,237,15,32,79,725,13,8,21,5,-3.1,0.9,-2.2,-0.6,-1.6,0,0
Denver Broncos,2019,282,316,62.26,3115,16,83.14,41,286,409,1662,11,954,4777,5.05,34,29,26,25,78,3464,279,64,202,11,16,110,912,6,10,16,7,-2.1,0,-2.1,-4.8,2.7,0,0
Atlanta Falcons,2022,365,386,62.2,2699,17,86.34,37,228,559,2718,17,1011,5417,5.37,37,32,35,33,62,2845,330,82,196,9,18,68,594,12,9,21,7,-1.2,-0.9,-2.1,-0.1,-2,0,0
Las Vegas Raiders,2020,434,478,66.78,4217,28,99.56,28,166,457,1916,20,1036,6133,5.95,35,33,47,45,44,1939,359,91,198,16,21,98,856,16,10,26,8,-2.8,0.8,-2,2.9,-4.9,0,0
Chicago Bears,2023,360,379,62.57,3096,19,79.35,50,325,534,2399,16,1097,5495,4.98,38,35,33,31,67,3088,322,98,238,13,26,99,853,10,15,25,7,-1.1,-0.9,-2,-1.2,-0.9,0,0
Cleveland Browns,2019,335,393,57.88,3554,22,74.39,41,293,393,1901,15,973,5455,5.6,29,25,35,30,65,2950,305,71,196,7,17,122,1106,7,21,28,6,-3.6,1.7,-1.9,-0.4,-1.5,0,0
Indianapolis Colts,2019,361,373,60.12,3108,22,82.8,32,206,471,2130,17,1016,5238,5.15,31,22,39,33,59,2619,340,86,207,14,24,79,670,11,10,21,7,-0.8,-1.1,-1.8,-1,-0.8,0,0
Los Angeles Chargers,2019,337,345,66.61,4426,24,90.2,34,222,366,1453,12,997,5879,5.92,34,26,35,35,48,2256,349,86,194,10,18,103,872,11,20,31,5,-0.5,-0.8,-1.3,-1.6,0.3,0,0
Cleveland Browns,2021,349,371,62.83,3320,21,84.61,49,299,485,2471,20,1054,5791,5.53,22,16,39,37,67,2880,342,83,212,12,29,112,1035,8,14,22,8,-1.3,0,-1.3,-2.7,1.3,0,0
Indianapolis Colts,2023,396,415,62.09,3666,18,86.58,41,216,479,2059,19,1094,5725,5.28,41,33,36,35,69,3281,324,82,232,16,32,95,685,12,10,22,9,-1.1,-0.2,-1.3,2.4,-3.8,0,0
New Orleans Saints,2022,330,345,66.25,3692,24,91.59,38,277,465,1982,12,1015,5674,5.54,31,23,33,33,77,3571,305,88,219,4,11,99,841,11,14,25,7,-0.9,-0.3,-1.2,-2.8,1.7,0,0
Carolina Panthers,2020,350,402,67.63,3888,16,86.29,36,241,407,1704,19,993,5592,5.63,36,29,36,33,45,2082,335,76,195,15,27,95,752,5,16,21,5,-3.3,2.2,-1.1,-2.4,1.3,0,0
New England Patriots,2020,326,353,63.98,2890,12,79.04,37,234,502,2346,20,979,5236,5.29,28,26,33,30,55,2678,332,76,186,9,17,62,534,5,14,19,7,-1.7,0.7,-1,-4.2,3.2,0,0
Seattle Seahawks,2023,364,402,64.31,3910,23,88.14,38,257,382,1580,11,995,5490,5.47,42,35,33,33,66,3303,317,75,207,6,16,111,954,5,12,17,9,-2.2,1.3,-1,-0.2,-0.8,0,0
Chicago Bears,2019,280,298,64.51,3291,20,83.63,45,282,395,1458,8,1020,4749,4.64,28,23,29,27,81,3586,297,77,216,7,21,103,838,7,12,19,8,-1.1,0.2,-0.9,-5.4,4.5,0,0
Los Angeles Chargers,2022,391,384,68.71,4584,26,93.51,39,207,404,1524,15,1154,6108,5.31,33,31,40,40,73,3186,352,112,257,15,29,81,635,9,10,19,10,0.4,-1.3,-0.9,0.1,-1,1,0
Washington Commanders,2022,321,343,61.5,3472,24,81.42,48,311,538,2143,9,1140,5615,4.96,30,25,28,24,83,3885,339,81,230,12,25,92,805,7,16,23,8,-1.3,0.4,-0.9,-3.5,2.6,0,0
Las Vegas Raiders,2023,332,331,62.06,3380,20,77.06,40,286,413,1542,11,1010,4922,4.87,30,26,32,32,75,3783,292,77,216,14,23,75,629,6,18,24,8,0.1,-0.9,-0.9,-2.4,1.6,0,0
Washington Commanders,2020,335,329,64.2,3465,16,78.09,50,331,400,1611,18,1051,5076,4.83,34,27,32,30,73,3504,322,88,225,11,19,87,697,11,16,27,7,0.4,-1.2,-0.8,-4.1,3.2,1,0
Pittsburgh Steelers,2022,308,346,63.68,3411,12,78.72,38,250,500,2073,16,1109,5484,4.96,44,34,26,26,69,3072,345,106,236,11,15,94,711,5,14,19,9,-2.2,1.5,-0.8,-3,2.3,0,0
Minnesota Vikings,2023,344,362,66.91,4359,30,89.73,47,341,393,1553,7,1071,5912,5.53,30,24,38,36,60,2900,340,85,223,17,29,89,670,15,19,34,7,-1.1,0.5,-0.6,-1.6,1,0,0
Denver Broncos,2018,329,349,62.11,3695,19,81.55,34,235,393,1907,18,1015,5602,5.55,25,20,35,35,85,3786,320,69,207,15,25,125,985,6,15,21,6,-1.3,0.7,-0.5,-3.6,3.1,0,0
Denver Broncos,2021,335,322,65.65,3593,20,90.84,40,263,455,2025,16,1036,5618,5.39,31,26,34,33,67,3083,331,82,213,16,28,83,711,9,9,18,7,0.8,-1.3,-0.5,-4.7,4.2,0,0
Seattle Seahawks,2022,407,401,69.69,3934,30,98.2,46,348,425,2042,12,1044,5976,5.74,37,34,42,41,66,3199,346,76,201,12,21,106,854,11,12,23,9,0.4,-0.8,-0.5,1.9,-2.4,1,0
New York Giants,2022,365,371,67.44,3157,17,90.92,49,274,520,2519,21,1089,5676,5.22,32,29,34,32,75,3463,352,78,212,10,21,106,827,10,6,16,9,-0.4,0,-0.4,-0.8,0.4,1,1
Cleveland Browns,2018,359,392,63.1,4007,29,90.16,38,254,411,1893,15,1023,5900,5.93,25,19,34,28,85,3767,314,73,208,9,21,112,894,7,17,24,7,-2.1,1.7,-0.3,-1,0.6,0,0
Baltimore Ravens,2021,387,392,64.54,3961,21,80.62,57,306,517,2479,18,1185,6440,5.47,37,35,32,32,71,3149,394,82,225,18,27,102,852,8,18,26,8,-0.3,0,-0.3,-0.3,0,0,0
Atlanta Falcons,2018,414,423,69.13,4653,36,106.12,42,296,351,1573,11,1010,6226,6.18,26,25,43,41,62,2729,352,92,203,10,19,101,899,11,7,18,7,-0.6,0.4,-0.1,2.5,-2.6,0,0
Atlanta Falcons,2019,381,399,67.5,4714,29,92.94,50,335,362,1361,10,1096,6075,5.6,40,32,31,29,53,2210,383,87,207,13,21,119,956,10,15,25,7,-1.1,1.1,-0.1,0.3,-0.4,0,0
Cleveland Browns,2022,361,381,62.51,3444,19,83.56,44,266,532,2490,19,1116,5934,5.33,32,24,37,35,61,2959,350,88,231,23,42,102,865,9,12,21,7,-1.2,1.1,-0.1,0.7,-0.9,0,0
Minnesota Vikings,2022,424,427,66.95,4484,30,90.95,47,334,404,1661,18,1123,6145,5.42,33,26,46,40,74,3457,382,93,226,9,19,88,684,8,15,23,13,-0.2,0.1,-0.1,2.8,-2.9,1,0
Philadelphia Eagles,2023,433,428,66.35,3834,24,88.51,39,233,510,2190,22,1112,6024,5.4,32,30,46,45,52,2537,377,108,225,19,26,95,785,12,16,28,11,0.3,-0.4,-0.1,3.6,-3.7,1,0
Tennessee Titans,2018,310,303,67.54,2975,16,87.27,47,280,456,2027,15,940,5002,5.28,30,26,31,28,75,3483,289,82,205,7,12,82,727,6,12,18,9,0.4,-0.2,0.2,-3.2,3.5,0,0
Chicago Bears,2020,372,370,65.66,3655,26,84.96,36,270,393,1647,12,1043,5302,5.05,32,30,37,36,64,2924,335,71,205,17,28,88,777,6,16,22,8,0.1,0.1,0.2,-2.2,2.4,1,0
Philadelphia Eagles,2019,385,354,63.64,3833,27,91.34,37,230,454,1939,16,1104,5772,5.23,26,22,37,35,71,3292,354,104,229,8,24,100,836,15,8,23,9,1.9,-1.7,0.3,0.7,-0.4,1,0
Pittsburgh Steelers,2019,289,303,62.57,2981,18,76.63,32,233,395,1447,7,937,4428,4.73,31,29,28,28,74,3368,265,67,195,2,15,111,893,11,19,30,8,-0.9,1.2,0.3,-4.3,4.6,0,0
Minnesota Vikings,2021,425,426,65.04,4238,34,99.73,30,212,449,1930,10,1083,6168,5.68,38,33,40,36,79,3624,332,83,228,12,22,111,1043,6,7,13,8,-0.1,0.3,0.3,1.9,-1.6,0,0
Green Bay Packers,2022,370,371,65.22,3632,27,92.41,32,258,456,2113,12,1051,5745,5.48,29,25,39,37,54,2313,334,79,200,12,31,89,747,10,12,22,8,-0.1,0.4,0.3,-0.3,0.6,0,0
Tampa Bay Buccaneers,2019,458,449,60.6,4845,33,84.52,47,282,409,1521,15,1086,6366,5.85,35,27,48,43,57,2464,353,90,217,9,17,133,1111,11,30,41,7,0.6,-0.2,0.4,4.9,-4.5,0,0
Houston Texans,2023,377,353,62.71,4173,27,94.21,47,405,444,1647,10,1083,5820,5.35,38,34,33,31,80,3735,329,88,232,8,21,114,937,6,8,14,10,1.4,-1,0.4,0.3,0.1,1,1
Houston Texans,2019,378,385,66.83,3783,27,92.87,49,300,434,2009,17,1017,5792,5.7,25,20,45,40,57,2599,346,84,193,13,25,111,892,8,14,22,10,-0.4,1,0.5,1,-0.5,1,1
Minnesota Vikings,2018,360,341,70.12,4036,30,98.35,40,262,357,1493,9,1003,5529,5.48,32,22,37,36,73,3255,310,73,204,9,21,92,779,10,10,20,8,1.2,-0.6,0.6,-1.2,1.8,0,0
Atlanta Falcons,2020,396,414,64.86,4363,27,91.41,41,257,409,1532,13,1078,5895,5.46,40,38,38,34,56,2381,366,97,221,15,26,83,736,7,11,18,4,-1.1,1.9,0.7,-0.1,0.8,0,0
Pittsburgh Steelers,2023,304,324,64.51,3163,13,84.32,36,258,487,2010,16,1029,5173,5.01,31,29,28,27,89,3914,287,85,232,9,19,86,753,7,9,16,10,-1.2,1.9,0.7,-3,3.7,1,0
San Francisco 49ers,2020,376,390,65.51,4033,25,89.06,39,287,437,1889,19,1046,5922,5.7,26,22,40,38,67,3093,350,77,197,6,15,85,731,14,17,31,6,-0.9,1.7,0.8,0.2,0.7,0,0
New York Jets,2022,296,316,57.4,3723,15,75.23,42,317,405,1686,13,1074,5409,5,37,30,29,28,83,3889,294,83,240,11,28,91,866,9,14,23,7,-1.2,2,0.8,-4,4.8,0,0
Carolina Panthers,2018,376,382,67.46,3836,28,93.49,32,235,416,2136,17,1011,5972,5.93,21,19,41,37,61,2759,356,77,185,9,19,92,818,6,16,22,7,-0.4,1.3,0.9,0.1,0.8,0,0
Dallas Cowboys,2018,339,324,67.53,3538,22,93.41,56,347,439,1963,13,1022,5501,5.34,36,29,33,32,60,2670,322,89,215,12,21,104,885,9,8,17,10,0.9,0.2,1.1,-1.9,2.9,1,1
Los Angeles Chargers,2021,474,459,66.37,4800,38,96.92,31,214,423,1834,18,1128,6634,5.89,27,24,47,40,48,2123,401,100,221,22,34,116,1033,7,15,22,9,0.9,0.2,1.1,5.3,-4.2,0,0
Tampa Bay Buccaneers,2023,348,325,64.06,3812,28,93.05,40,232,439,1509,8,1047,5321,5.1,31,29,33,33,77,3854,300,98,236,12,18,100,751,8,10,18,9,1.4,-0.3,1.1,-1.6,2.7,1,1
Green Bay Packers,2023,383,350,64.61,3968,32,96.19,30,242,441,1905,10,1052,5873,5.57,33,27,39,34,57,2634,338,105,223,12,24,105,856,7,11,18,9,1.9,-0.8,1.2,0.9,0.2,1,1
Jacksonville Jaguars,2023,377,371,67.18,4126,22,88.77,41,251,453,1646,17,1114,5772,5.16,37,30,35,35,61,2893,336,87,228,13,29,83,644,16,14,30,9,0.4,1.1,1.4,1.3,0.1,0,0
Tennessee Titans,2020,491,439,64.72,3653,33,104.24,25,173,521,2690,26,1031,6343,6.11,28,20,53,51,50,2256,381,84,182,10,16,86,783,5,7,12,11,3.3,-1.7,1.6,4.7,-3.1,1,0
Philadelphia Eagles,2018,367,348,70.49,4275,29,98,40,249,398,1570,12,1037,5845,5.62,31,26,35,33,61,2937,346,84,205,14,23,100,852,12,11,23,9,1.2,0.5,1.7,0,1.8,1,1
Cincinnati Bengals,2023,366,384,68.54,3895,27,90.9,50,362,383,1527,12,1048,5422,5.16,31,26,40,40,76,3369,329,82,218,9,20,76,614,2,14,16,9,-1.1,2.8,1.7,1.3,0.4,0,0
Jacksonville Jaguars,2022,404,350,66.95,3959,25,91.82,28,189,448,2116,16,1072,6075,5.63,35,30,37,36,58,2862,352,90,215,14,27,90,674,13,9,22,9,3.2,-1.4,1.8,1.6,0.2,1,1
Miami Dolphins,2022,397,399,62.66,4511,30,93.15,35,254,390,1686,12,1009,6197,6.17,32,26,44,41,62,2828,342,71,196,13,24,111,881,6,15,21,9,-0.1,2,1.8,2.7,-0.9,1,0
Seattle Seahawks,2021,395,366,65.59,3432,30,100.53,46,383,413,2074,18,954,5506,5.78,23,17,47,44,83,3895,302,72,193,4,11,97,803,6,7,13,7,1.7,0.2,1.9,0.4,1.5,0,0
New Orleans Saints,2021,364,335,59.01,3186,29,83.76,37,251,510,1991,12,1051,5177,4.86,30,25,38,31,83,3956,307,78,220,11,21,98,811,5,13,18,9,1.7,0.3,2,-1.5,3.6,0,0
New England Patriots,2022,364,347,66.8,3536,19,85.46,41,279,425,1812,12,1006,5348,5.34,37,32,35,32,80,3338,288,75,215,5,13,104,841,9,14,23,8,1,1,2,-0.3,2.3,0,0
Buffalo Bills,2019,314,259,59.25,3229,21,84.8,40,247,465,2054,13,1018,5283,5.18,28,22,32,30,80,3313,314,76,212,8,18,117,927,7,12,19,10,3.4,-1.3,2.2,-3.5,5.7,1,0
Detroit Lions,2022,453,427,65.38,4281,29,97.23,24,163,480,2179,23,1092,6460,5.9,30,24,49,47,52,2525,376,86,211,20,37,90,773,8,7,15,9,1.5,0.7,2.2,4.7,-2.4,0,0
New Orleans Saints,2023,402,327,67.81,3990,28,95.86,35,235,480,1742,13,1121,5732,5.1,37,30,40,40,75,3224,337,91,235,9,19,96,846,7,11,18,9,4.4,-2.2,2.2,1.7,0.5,0,0
Philadelphia Eagles,2021,444,385,62.28,3404,20,88.22,31,181,550,2715,25,1075,6119,5.68,33,30,44,44,55,2416,352,101,221,11,24,107,842,6,10,16,9,3.5,-1,2.5,2.6,-0.1,1,0
Arizona Cardinals,2020,410,367,67.16,3916,27,93.96,29,186,479,2237,22,1083,6153,5.67,30,23,46,45,58,2600,381,80,202,17,25,113,868,8,13,21,8,2.7,-0.1,2.6,1.5,1,0,0
Seattle Seahawks,2019,405,398,66.56,3791,31,103.72,48,319,481,2200,15,1046,5991,5.69,28,23,44,40,74,3341,341,79,200,7,14,109,882,14,6,20,11,0.4,2.3,2.7,2.9,-0.2,1,1
Indianapolis Colts,2020,451,362,67.54,4053,24,96.01,21,133,459,1996,20,1032,6049,5.91,37,32,45,43,49,2216,364,78,197,16,26,94,899,4,11,15,11,5.6,-2.8,2.8,1.2,1.6,1,0
Miami Dolphins,2020,404,338,67.41,3736,24,92.68,34,201,428,1688,15,1021,5424,5.26,39,36,36,36,68,3040,345,78,202,8,10,74,635,7,13,20,10,4.1,-1.2,3,0.3,2.7,0,0
Los Angeles Rams,2023,404,377,61.84,4063,26,88.43,34,237,477,2045,18,1094,6108,5.56,43,32,37,32,64,3101,351,95,226,13,21,89,720,5,13,18,10,1.6,1.4,3,2,1,1,0
Cincinnati Bengals,2021,460,376,69.33,4403,36,102.78,55,403,436,1742,16,1046,6145,5.86,34,29,49,47,66,3064,337,82,207,13,20,72,620,7,14,21,10,4.9,-1.9,3.1,3.4,-0.3,1,1
Baltimore Ravens,2022,350,315,61.33,3040,19,81.76,38,162,526,2720,14,1052,5760,5.51,43,37,32,31,57,2618,337,91,218,8,20,82,678,8,13,21,10,2.1,1.1,3.1,-0.2,3.4,1,0
Green Bay Packers,2019,376,313,62.56,3733,26,93.82,36,284,411,1795,18,1020,5528,5.44,24,22,41,40,77,3386,320,73,203,7,14,100,774,9,4,13,13,3.9,-0.7,3.2,0.6,2.6,1,1
Cleveland Browns,2023,396,362,56.96,3693,24,72.03,45,318,518,2017,15,1187,5710,4.82,37,34,33,30,90,4449,325,80,253,18,32,115,897,14,23,37,11,2,1.3,3.3,2.4,0.9,1,0
Indianapolis Colts,2018,433,344,67.62,4461,39,99.15,18,134,408,1718,13,1070,6179,5.8,27,23,47,44,57,2629,371,104,214,7,15,120,953,9,15,24,10,5.6,-2.2,3.4,3.9,-0.6,1,1
Tennessee Titans,2019,402,331,66.97,3582,29,108.64,56,374,445,2223,21,949,5805,6.16,18,8,52,50,78,3672,317,70,185,4,14,99,932,9,8,17,9,4.4,-1,3.4,1.8,1.7,1,1
Tennessee Titans,2021,419,354,67.22,3418,22,89.52,47,327,551,2404,23,1133,5822,5.16,32,26,47,43,58,2570,362,103,236,15,24,103,973,11,14,25,12,3.8,-0.4,3.4,1.8,1.6,1,0
Kansas City Chiefs,2023,371,294,66.22,4188,28,88.11,28,195,417,1784,9,1080,5972,5.55,35,33,38,38,59,2776,350,96,220,10,20,96,845,11,17,28,11,4.5,-0.8,3.7,-0.6,4.4,1,1
Houston Texans,2018,402,316,68.24,3781,26,98.99,62,384,472,2021,12,1040,5802,5.61,42,37,41,39,74,3237,333,77,208,8,12,105,787,7,9,16,11,5.4,-1.5,3.8,2.4,1.4,1,0
San Francisco 49ers,2021,427,365,67.29,4221,26,99.53,33,216,499,2166,22,1046,6387,6.16,32,27,46,42,59,2656,361,80,199,10,20,102,1066,10,14,24,10,3.6,0.1,3.8,1.8,1.9,1,1
Los Angeles Rams,2019,394,364,62.46,4499,22,84.5,22,170,401,1499,20,1055,5998,5.64,33,24,42,42,67,3128,342,83,208,3,13,118,899,7,17,24,9,1.9,2,3.9,2.2,1.7,0,0
Detroit Lions,2023,461,395,67.45,4401,30,97.54,31,205,500,2311,27,1137,6712,5.94,21,19,52,48,57,2646,375,93,224,21,40,97,843,11,12,23,12,3.9,0.4,4.3,6,-1.8,1,1
Green Bay Packers,2021,450,371,68.19,4315,39,106.5,33,211,446,1900,13,1072,6215,5.82,34,25,51,49,53,2467,375,88,202,13,22,69,678,6,7,13,13,4.6,-0.2,4.4,3.5,1,1,0
Indianapolis Colts,2021,451,365,61.71,3361,27,92.42,32,227,499,2540,22,1052,5901,5.64,35,29,47,46,59,2627,354,86,210,18,29,76,688,11,8,19,9,5.1,-0.6,4.4,3.3,1.1,0,0
Miami Dolphins,2023,496,391,70.24,4514,30,98.45,31,184,456,2308,27,1053,6822,6.46,28,24,59,58,53,2424,360,85,202,11,25,97,767,10,15,25,11,6.2,-1.8,4.4,7.6,-3.1,1,0
Seattle Seahawks,2018,428,347,65.65,3093,35,105.76,51,355,534,2560,15,1012,5653,5.62,27,22,51,48,79,3759,329,81,208,11,14,111,959,4,7,11,10,5.1,-0.6,4.5,3,1.5,1,0
Pittsburgh Steelers,2020,416,312,65.23,4003,35,93.5,14,126,373,1351,12,1043,5354,5.11,24,23,45,41,77,3470,322,97,230,10,19,81,691,7,11,18,12,6.5,-1.8,4.7,0.3,4.4,1,0
New England Patriots,2018,436,325,65.52,4258,29,95.77,21,147,478,2037,18,1073,6295,5.84,32,27,50,49,64,2885,365,82,201,7,14,93,744,7,11,18,11,6.9,-1.8,5.2,3.1,2.1,1,1
Arizona Cardinals,2021,449,366,70.77,4276,27,99.84,39,343,496,2076,23,1126,6352,5.63,37,30,49,47,52,2540,367,100,221,17,29,114,990,4,11,15,11,4.9,0.3,5.2,3.6,1.6,1,0
Dallas Cowboys,2019,434,321,65.96,4751,30,99.79,23,151,449,2153,18,1069,6904,6.44,40,30,46,46,51,2079,379,96,204,7,16,109,1008,7,11,18,8,7.1,-1.8,5.3,3.8,1.5,0,0
Los Angeles Rams,2021,460,372,67.38,4642,41,101.83,31,251,420,1683,10,1058,6325,6.02,34,32,49,48,51,2252,355,90,205,10,19,76,637,5,18,23,12,5.2,0.1,5.3,4.2,1.1,1,1
Minnesota Vikings,2019,407,303,69.53,3523,26,101.81,28,206,476,2133,19,970,5656,5.81,29,27,44,40,62,2802,314,83,194,8,15,96,895,12,8,20,10,6.5,-1.1,5.4,2.5,2.9,1,1
Los Angeles Rams,2020,372,296,66.72,4014,20,88.66,25,169,473,2018,19,1088,6032,5.54,30,24,42,38,69,3099,352,98,226,8,17,71,655,11,14,25,10,4.8,0.7,5.4,-0.8,6.2,1,1
Seattle Seahawks,2020,459,371,69.36,3941,40,101.76,48,304,411,1971,15,1022,5912,5.78,24,24,53,49,61,3028,356,76,189,8,14,84,662,5,13,18,12,5.5,0,5.5,4.8,0.7,1,0
Pittsburgh Steelers,2018,428,360,67.18,5008,35,95.12,24,166,345,1445,16,1058,6453,6.1,23,16,49,44,64,2780,378,88,198,9,14,111,1026,9,17,26,9,4.3,1.3,5.6,3.9,1.7,0,0
Los Angeles Chargers,2018,428,329,67.88,4089,32,103.46,34,227,399,1873,16,945,5962,6.32,29,24,43,36,62,2643,338,70,177,7,8,113,967,7,12,19,12,6.2,-0.2,6,3,2.9,1,1
Kansas City Chiefs,2022,496,369,66.61,5062,41,104.01,26,188,417,1970,18,1094,7032,6.47,32,24,55,50,53,2672,408,94,193,9,12,87,838,11,12,23,14,7.5,-1.2,6.2,6.8,-0.6,1,1
Chicago Bears,2018,421,283,67.6,3564,28,93.28,33,183,468,1938,16,1013,5502,5.46,30,23,45,42,63,2791,331,82,200,9,15,97,796,10,14,24,12,8.6,-2.3,6.3,1.5,4.8,1,0
Dallas Cowboys,2022,467,342,64.89,3736,28,88.81,27,175,531,2298,24,1114,6034,5.42,32,29,53,50,68,3291,347,105,231,10,19,104,842,5,18,23,12,7.4,-0.8,6.5,5.3,1.3,1,1
Philadelphia Eagles,2022,477,344,65.42,4105,25,96.66,44,259,544,2509,32,1124,6614,5.91,25,22,55,53,56,2448,385,102,222,22,32,90,682,10,9,19,14,7.8,-1.3,6.5,5.8,0.7,1,1
Buffalo Bills,2023,451,311,66.03,4154,29,90.89,24,152,512,2212,22,1115,6366,5.77,29,24,50,49,51,2334,381,109,219,9,16,106,883,10,18,28,11,8.2,-1.8,6.5,4.1,2.3,1,1
Kansas City Chiefs,2020,473,362,67.29,4854,40,106.74,24,151,403,1799,13,1057,6653,6.31,27,25,54,48,52,2339,397,95,194,9,16,105,919,9,7,16,14,6.9,-0.1,6.8,4.5,2.3,1,1
Cincinnati Bengals,2022,418,322,68.59,4240,35,99.84,44,280,399,1528,14,1053,5768,5.48,29,24,44,40,59,2678,357,95,206,3,12,81,623,6,12,18,12,6,0.9,6.9,5.5,1.4,1,1
Baltimore Ravens,2018,389,287,60.15,3558,18,83.27,32,150,547,2441,19,1135,5999,5.29,39,35,37,36,61,2842,367,104,231,13,22,116,940,11,9,20,10,6.4,0.6,7,0.6,6.4,1,0
New Orleans Saints,2019,458,341,71.96,4244,36,107.51,25,187,405,1738,12,1011,5982,5.88,36,32,49,48,60,2770,347,81,192,5,13,120,1036,2,6,8,13,7.3,0,7.4,5,2.3,1,0
Kansas City Chiefs,2021,480,364,67.32,4791,37,99.04,28,146,431,1955,16,1134,6746,6,32,28,53,50,40,1868,419,107,205,10,15,111,925,12,13,25,12,6.8,0.6,7.4,5.4,2,1,1
Buffalo Bills,2020,501,375,68.56,4620,40,105.33,27,166,411,1723,16,1034,6343,6.15,34,28,59,57,41,2082,397,93,187,8,10,102,941,11,11,22,13,7.9,-0.2,7.7,7.1,0.6,1,1
Green Bay Packers,2020,509,369,71.16,4106,48,118.06,21,193,443,2118,16,990,6224,6.29,16,16,63,59,47,2092,358,89,180,13,21,84,684,6,5,11,13,8.8,-1.1,7.7,5.9,1.8,1,1
San Francisco 49ers,2022,450,277,66.3,3856,30,102.38,31,193,504,2360,20,1047,6216,6.01,32,27,53,51,61,2676,347,95,211,7,17,94,730,8,9,17,13,10.2,-2.3,7.9,3.3,4.6,1,1
Baltimore Ravens,2020,468,303,63.6,2739,27,93.48,32,180,555,3071,24,993,5810,5.83,29,26,53,52,53,2368,327,101,207,12,19,104,961,7,11,18,11,10.3,-2,8.3,3.9,4.3,1,1
Los Angeles Rams,2018,527,384,65.31,4507,32,99.84,33,223,459,2231,23,1060,6738,6.41,41,34,53,51,43,1992,401,86,191,6,15,96,878,7,12,19,13,8.9,-0.4,8.5,9.5,-1.1,1,1
New England Patriots,2021,462,303,68.78,3857,24,93.75,28,241,489,2151,24,1052,6008,5.7,39,36,47,42,51,2316,362,91,209,11,17,95,854,10,13,23,10,9.4,-0.9,8.5,3.6,4.8,1,0
Tampa Bay Buccaneers,2021,511,353,67.15,5229,43,100.32,23,154,385,1672,18,1139,6901,6.08,31,25,59,56,62,2605,404,105,223,9,16,97,874,7,12,19,13,9.3,-0.7,8.6,7.3,1.3,1,1
Kansas City Chiefs,2018,565,421,66.24,4955,50,112.19,26,171,387,1855,16,996,6810,6.89,27,24,69,65,45,2021,384,83,176,12,15,137,1152,6,12,18,12,9,-0.1,8.9,12.6,-3.8,1,1
Kansas City Chiefs,2019,451,308,65.44,4498,30,101.96,25,192,375,1569,16,976,6067,6.21,38,34,48,45,49,2126,350,89,187,6,10,107,1029,10,5,15,12,8.9,0.2,9.1,6.2,2.9,1,1
Dallas Cowboys,2023,509,315,69.16,4397,36,100.48,40,263,468,1920,14,1122,6317,5.62,38,36,52,49,44,2262,385,111,230,13,23,115,964,6,10,16,12,11.4,-2.2,9.2,6.5,2.7,1,0
New Orleans Saints,2020,482,337,70.3,3758,28,99.88,29,187,494,2265,30,1045,6023,5.75,28,23,58,57,62,2674,367,93,208,11,16,98,1005,9,8,17,12,9.1,0.5,9.6,5.1,4.5,1,1
Buffalo Bills,2021,483,289,62.86,4284,36,90.44,27,166,461,2209,20,1143,6493,5.73,32,28,51,51,53,2230,398,103,222,11,22,113,980,6,16,22,11,11.4,-1.6,9.8,5,4.8,1,1
Dallas Cowboys,2021,530,358,69.2,4800,40,103.89,33,163,473,2119,15,1153,6919,6.02,35,29,53,47,65,3143,390,99,228,14,24,127,1103,9,11,20,12,10.1,-0.2,9.9,8.2,1.7,1,0
New Orleans Saints,2018,504,353,73.09,4042,33,107.69,20,132,471,2025,26,1010,6067,5.94,30,28,53,52,43,1996,377,82,184,13,16,94,939,9,7,16,13,9.4,0.6,10.1,7.9,2.2,1,1
New England Patriots,2019,420,225,60.96,3961,25,87.96,28,192,447,1703,17,1095,5664,5.17,34,27,45,39,81,3638,338,87,227,6,15,94,828,6,9,15,12,12.2,-1.8,10.4,2.8,7.6,1,0
Buffalo Bills,2022,455,286,62.54,4129,35,93.49,33,162,430,2232,15,1037,6361,6.19,31,27,50,48,46,2146,367,97,193,7,13,92,709,13,14,27,13,10.6,0.4,10.9,7.1,3.8,1,1
San Francisco 49ers,2019,479,310,69.63,3792,28,100.94,36,237,498,2305,23,1012,6097,6.12,39,30,50,49,52,2333,336,90,200,7,12,105,939,10,13,23,13,10.6,0.4,11,6.7,4.3,1,1
San Francisco 49ers,2023,491,298,69.32,4384,33,109.6,34,193,499,2389,27,1024,6773,6.67,25,21,61,60,52,2480,383,85,179,7,13,101,933,6,12,18,12,11.4,0.4,11.8,7.1,4.7,1,1
Baltimore Ravens,2023,483,280,67.2,3635,27,98.71,41,246,541,2661,26,1076,6296,5.88,37,32,52,51,67,3158,360,87,207,8,14,102,955,12,7,19,13,11.9,1.2,13.2,6.7,6.5,1,0
Baltimore Ravens,2019,531,282,65.96,3225,37,101.49,28,125,596,3296,21,1064,6521,6.16,29,28,59,57,41,1855,386,88,187,17,24,109,867,7,8,15,14,15.6,0.1,15.6,11,4.7,1,0
Tampa Bay Buccaneers,2020,492,355,65.42,4626,42,101.31,22,150,369,1519,16,1017,6145,6,31,28,57,52,55,2486,364,83,191,8,14,84,715,5,12,17,11,8.6,0.8,9.4,6.5,2.8,1,1
